authorId,categoryId ,publisherId,typeId,languageId,name,description,isbn,imageLink,releaseYear,pageCount
2,3,2,2,1,No Longer Human,"No Longer Human is a novel by Osamu Dazai that delves into the dark and introspective journey of a young man named Yozo. Through a series of confessional notes, Yozo reveals his struggles with alienation, self-destructive behavior, and the inability to connect with others.",978-0811204811,https://m.media-amazon.com/images/I/31mY8ZQ+jEL._SY445_SX342_.jpg,1948,271
2,3,3,2,2,Pandora's Box,"Osamu Dazai, one of the leading writers of twentieth-century Japanese literature and famous for his extraordinary life, wrote Pandora's Box three years before his suicide. In the novel, which has autobiographical elements like many of his other works, Dazai holds up a mirror to the individual's depression and search for hope in post-World War II Japan. The Second World War is over and Japan is defeated. A sick and hopeless man must rebuild his life, just as his country was trying to do at the time. In letters to his friend, this young man, nicknamed Larkbird, recounts his days in a sanatorium, where everyone uses pseudonyms, with an interesting community of patients and caregivers. As the days pass, Larkbird will find the courage to hope and his death wish will give way to the will to live.",9786052650493,https://images-na.ssl-images-amazon.com/images/S/compressed.photo.goodreads.com/books/1672948932i/75598380.jpg,2023,144
3,3,4,3,1,Norwegian Wood,"When he hears her favourite Beatles song, Toru Watanabe recalls his first love Naoko, the girlfriend of his best friend Kizuki.Immediately he is transported back almost twenty years to his student days in Tokyo, adrift in a world of uneasy friandships, casual sex, passion, loss and desire-to a time when an impetuous yaung woman called Midori marched into his life and he had to choose between the future and the past.",978-0099584353,https://m.media-amazon.com/images/I/81b+vC579WL._SY466_.jpg,2014,389
3,3,4,2,1,Hear the Wind Sing,"In Hear the Wind Sing the narrator is home from college on his summer break. He spends his time drinking beer and smoking in J’s Bar with the Rat, listening to the radio, thinking about writing and the women he has slept with, and pursuing a relationship with a girl with nine fingers.",978-0099590422,https://m.media-amazon.com/images/I/61i0mJ41oNL._SY466_.jpg,2016,176
3,3,4,4,1,1Q84: Books 1 and 2,"The year is 1Q84. This is the real world, there is no doubt about that.  But in this world, there are two moons in the sky. In this world, the fates of two people, Tengo and Aomame, are closely intertwined. They are each, in their own way, doing something very dangerous. And in this world, there seems no way to save them both. Something extraordinary is starting. ",978-0099549062,https://m.media-amazon.com/images/I/41W5RQ7ZqJL._SY445_SX342_.jpg,2012,816
3,2,4,2,1,After Dark,"Eyes mark the shape of the city. The midnight hour approaches in an olmost-empty diner. Mari sips her caffee and reads a book, but soon her solitude is disturbed: a girl has been beaten up at the Alphaville hotel, and needs Mari's help. Meanwhilw Mari's beautiful sister Eri lies in a deep, heavy sleep that is 'too perfect, too pure' to be normal; it has lasted for two mounths. But tonight, as the digital clock displays 00.00, a hint of life flickers across the television screen, even though its plug hasn been pulled out. Strange nocturnal happenings, or a trick of the night?",978-0099520863,https://m.media-amazon.com/images/I/81Bf7HOE6gL._SY466_.jpg,2014,201
4,4,5,5,1,The Red Book: A Reader's Edition (Philemon),"The 2009 widely acclaimed Red Book contains the core of C.G. Here Jung's later works developed his theories that would transform psychotherapy from a treatment of the patient into a tool for the higher development of the personality. As Sara Corbett wrote in the New York Times, ""The creation of one of the true visionaries of modern history, The Red Book is a singular work beyond categorization... it transcends the history of psychoanalysis and highlights Jung's place among such revolutionary thinkers as Marx, Orwell and, of course, Freud.",978-0393089080,https://m.media-amazon.com/images/I/51mhwJ4MnUL._SY466_.jpg,2012,560
4,4,6,4,1,"Memories, Dreams, Reflections","In the spring of 1957, at the age of eighty-one, Carl Gustav Jung undertook to tell his life story. Memories, Dreams, Reflections is a book of conversations with his colleague and friend Aniela Jaffé, as well as chapters and other material written in his own hand. Jung continued to work on the final stages of the manuscript until shortly before his death on June 6, 1961, making it a uniquely comprehensive reflection on an extraordinary life. This fully corrected edition also includes Jung's VII Sermons and Mortuos.",978-0679723950,https://m.media-amazon.com/images/I/71qqgzS+BrL._SY466_.jpg,1989,496
4,4,7,,1,The Undiscovered Self,"One of the world's greatest psychiatrists reveals how to embrace our own humanity and resist the pressures of an ever-changing world. In this challenging and provocative work, Dr. Carl Jung, one of history's greatest minds, argues that the future of civilization depends on our ability as individuals to resist the collective forces of society. Only by gaining an awareness and understanding of one's unconscious mind and one's true, inner nature - the ""undiscovered self"" - can we as individuals acquire self-knowledge that is contrary to ideological fanaticism. But this requires us to confront our fear of the duality of the human psyche - the existence of good and the capacity for evil in each individual. In this seminal book, Jung argues convincingly that only then can we begin to deal with the dangers posed by mass society - the ""sum of individuals"" - and resist the potential threats posed by those in power.",978-0451217325,https://m.media-amazon.com/images/I/81dToEEIs6L._SY466_.jpg,2006,
5,1,8,7,2,VAR MISIN? Güçlü Bir Yaşam İçin Öneriler,"Doğan Cüceloğlu, yalnızca psikoloji kariyeriyle değil, insan hayatına dokunan ve insana dair her hikâyeden şifa çıkarabilen bilgeliğiyle bu coğrafyanın en önemli ilim insanlarından biri. Seksen yılı aşkın ömrünün bir birikimi olarak, şimdi herkesin merak ettiği “hayati” sorulara en samimi cevaplarını sunuyor. Herkes gibi aslında o da hâlâ savaşıyor, keşfediyor, hayata değer katıyor. Hayatın anlamı nedir? İnsan kendini nasıl geliştirir? Umutsuzluk nasıl aşılır? İçimizdeki öz nasıl ortaya çıkar? Çevremiz bizi nasıl etkiler? Kime akıl danışılır? Yaşam neleri ödüllendirir? Zihin nasıl işler? “Biz” olmak için neler yapılmalıdır? Ömür yolculuğunda neyin önemli olduğunu anlamak, keşif ve merak duygularına sahip çıkmak bir hayatı “kıymetli” kılmak için en önemli meziyetler arasında. Elinizdeki rehber niteliğindeki kitap, yaşamı boyunca bu meziyetlerin peşine düşmüş ve her ânına onları ilmek ilmek işlemiş Doğan Cüceloğlu’nun, Deniz Bayramoğlu ile sohbetlerinden oluşuyor ve herkese şu soruyu soruyor: “Zorluklarla başa çıkmaya, içindeki gücü keşfetmeye VAR MISIN?”",978-6057635839,https://m.media-amazon.com/images/I/71dNn1h+idL._SY466_.jpg,2021,320
5,4,8,,2,Insan Insana,"İnsan, ilişkileri içinde sürekli olarak ""yeniden tanımlanan"" bir varlıktır. İnsan ilişkilerinin temelini ise iletişim süreçleri oluşturur. İki insan birbirinin farkına vardığı anda iletişim başlar. Aynı sosyal ortam içinde yer alan kişilerin söyledikleri sözler ve hareketleri kadar, hareketsizlikleri, susmaları, beden duruşları ve yüz ifadeleri, hepsi anlamlı birer mesaj oluşturur. İyi bir dinleyici, iletişim kurduğu kişinin yalnız söylediklerini değil, yüzü, eli, kolu ve bedeniyle yaptıklarını da ""duyar."" Bir aracın sürücüsü, yolda kendinden başka araç yokmuş gibi davranırsa, trafik kazası olur. Bir kişi konuşurken, karşısındakini nasıl etkilediğini düşünmeden, kendi bildiği yönde istediğini söylerse ""iletişim kazası"" ortaya çıkar. İlişkilerimizde, verdiğimiz mesajların sorumluluğunun bilincinde olmamız, iletişim kazalarını önler. Bu varsayım toplumsal düzeyde de geçerlidir. Kişi farkında olsun ya da olmasın, toplumla da sürekli ilişki içindedir. Bir toplumda ""Herkes benim gibi düşünmelidir, benim düşünce tarzım en doğrusudur,"" tutumu ağır basarsa, akılcı tartışmalar yerine duygusal çatışmalar ortaya çıkar. İnsan hayatını mercek altına alıp, insana dair her hikayeden bir anlam çıkarabilen bilgeliğiyle değerli Doğan Cüceloğlu, kimliklerin ötesinde, canların temas içinde olduğu ""insan insana"" bir ilişkinin mümkün olduğunu bize hatırlatıyor. Kalıpları tekrarlamaktan kurtulabilmeniz, insan ilişkilerine anlamsal zenginliği ve derinliği getirebilmeniz için iletişim süreçlerini uygun ve etkili bir biçimde uygulamanıza yönelik bilgi ve becerileri sunuyor. İletişim sorunlarını çözmeden doyumlu bir yaşam sürdürmenin olanaksız olduğunun ve insanın isterse kendini değiştirip geliştirebileceğinin altını çiziyor.",978-6257631525,https://m.media-amazon.com/images/I/51UPztc-LSL._SY466_.jpg,2021,312
5,1,9,1,2,Savaşçı: Anlamlı ve Coşkulu Bir Yaşam İçin,"Anlamlı ve Coşkulu Bir Yaşam İçin Savaşçı kitabında böyle bir savaştan söz ediyoruz. Söz ediyorum değil, söz ediyoz; çünkü kitabı Arif Bey'le beraber oluşturduk. Arif Bey kimdir? Arif Bey, bu kitapta benimle konuşan bir sınıf öğretmeni. O beni bulmadı, aslında ben onu buldum. Uzun zamandır öğretmenlere ulaşmak, onlarla bir diyalog başlatmak gereksinmesi duyuyordum. Arif Bey'i böyle bir arayışın sonucunda buldum. Arif Bey'in yüreğinde sıkıntı var. Çabalıyor. Anlamak istiyor, yapmak istiyor. Destek bulamıyor. Ve yalnız!... (Doğan Cüceloğlu)",978-9751408259,https://m.media-amazon.com/images/I/610edjW2S+L._SY466_.jpg,2005,400
5,5,9,1,2,Icimizdeki Cocuk,"İçimizdeki Çocuk', yaşamımıza yön veren güçlü bir varlıktır. İçimizdeki Çocuk ve İçimizdeki Ana-Baba, duygu, düşünüş ve davranışlarımızı sürekli yönlendirdiği halde, çoğu kez onların varlığından bile haberdar olmayız. Bu kitap, içinde yetiştiğiniz ailenin ve yakın çevrenin sizin iç dünyanızı ve şimdiki duygu, düşünüş ve davranışınızı nasıl etkilediğini incelemektedir",978-9751403643,https://m.media-amazon.com/images/I/41tde9ySW-L._SY445_SX342_.jpg,2014,254
6,2,10,8,1,The Scarlet Plague,"Jack London's post-apocalyptic vision takes place in 2072, sixty years after an uncontrollable plague epidemic has depopulated the planet. James Howard Smith, one of the few survivalists left alive in the San Francisco area, tries to impart the value of wisdom of a world left behind to his grandsons as his time on Earth grows ever shorter.",978-6059919340,https://m.media-amazon.com/images/I/51Lvert2eTL._SY466_.jpg,2016,83
6,2,11,2,1,Martin Eden,"""He was a man without a past, whose future was the imminent grave and whose present was a bitter fever of living."" This book is a semi-autobiographical work where the main character Martin Eden is one of Jack London's most authentic and realistic characters. Throughout the book, Martin, a poor sailor, develops intellectually to impress a beloved Bourgois and her entourage. Despite all impossibilities, he pursues his dream of becoming a known writer. The more he understands the values of the higher class, the more he realizes how meaningless those are. Trapped in his awareness, Martin Eden explains to the reader the difference between classes and shows the sad reality of individualism.",978-6254414091,https://m.media-amazon.com/images/I/51M860fsQKL._SY466_.jpg,2021,576
6,2,12,2,1,White Fang,"Born in the wilds of the freezing cold Yukon, White Fang - half-dog, half-wolf - is the only animal in the litter to survive. He soon learns the harsh laws of nature, yet buried deep inside him are the distant memories of affection and love. Will this fiercely independent creature of the wild learn to trust man again?",978-0141321110,https://m.media-amazon.com/images/I/71P7WMyivYL._SY466_.jpg,2008,336
6,2,13,2,1,The Iron Heel,"The Iron Heel is a dystopian novel by American writer Jack London, first published in 1908. Generally considered to be ""the earliest of the modern Dystopian"", it chronicles the rise of an oligarchic tyranny in the United States. It is arguably the novel in which Jack London's socialist views are most explicitly on display. A forerunner of soft science fiction novels and stories of the 1960s and '70s, the book stresses future changes in society and politics while paying much less attention to technological changes. The book is unusual among London's writings (and in the literature of the time in general) in being a first-person narrative of a woman protagonist written by a man. Much of the narrative is set in the San Francisco Bay Area, including events in San Francisco and Sonoma County.",978-6052490051,https://m.media-amazon.com/images/I/61MyV5cW5UL._SY466_.jpg,2018,298
7,2,10,9,1,Animal Farm,"A farm is taken over by its overworked, mistreated animals. With flaming idealism and stirring slogans, they set out to create a paradise of progress, justice, and equality. Thus the stage is set for one of the most telling satiric fables ever penned -a razor-edged fairy tale for grown-ups that records the evolution from revolution against tyranny to a totalitarianism just as terrible. When Animal Farm was first published, Stalinist Russia was seen as its target. Today it is devastatingly clear that wherever and whenever freedom is attacked, under whatever banner, the cutting clarity and savage comedy of George Orwell's masterpiece have a meaning and message still ferociously fresh.",978-6059919449,https://m.media-amazon.com/images/I/81EUf6Z14UL._SY466_.jpg,2021,124
7,2,10,9,1,Nineteen Eighty - Four,"Nineteen Eighty-Four is a rare work that grows more haunting as its futuristic purgatory becomes more real. Published in 1949, the book offers political satirist George Orwell's nightmarish vision of a totalitarian, bureaucratic world and one poor stiff's attempt to find individuality. The brilliance of the novel is Orwell's prescience of modern life−the ubiquity of television, the distortion of the language−and his ability to construct such a thorough version of hell. Required reading for students since it was published, it ranks among the most terrifying novels ever written.",978-6059919418,https://m.media-amazon.com/images/I/71YuPPiTCyL._SY466_.jpg,2021,356
8,2,10,3,2,The Burning Secret,"While being treated for asthma at a country spa, an American diplomat's lonely 12-year-old son is befriended and infatuated by a suave, mysterious baron. But soon his adored friend heartlessly brushes him aside and turns his seductive attentions to his mother. The boy's jealousy and feelings of betrayal become uncontrollable. The story is set in Austria in the 1920s.  The book was adapted for a movie in 1988, starring Faye Dunaway, Klaus Maria Brandauer and Ian Richardson.",978-6059919005,https://m.media-amazon.com/images/I/41VvO19QXcL._SY466_.jpg,2015,109
8,2,10,2,1,Chess,"...a human being, an intellectual human being who constantly bends the entire force of his mind on the ridiculous task of forcing a wooden king into the corner of a wooden board, and does it without going mad!' A group of passengers on a cruise ship challenge the world chess champion to a match. At first, they crumble, until they are helped by whispered advice from a stranger in the crowd -a man who will risk everything to win. Stefan Zweig's acclaimed novella Chess is a disturbing, intensely dramatic depiction of obsession and the price of genius.",978-6059919272,https://m.media-amazon.com/images/I/51cuVHMU7LL._SY466_.jpg,2018,80
8,2,10,2,1,Amok,"In March, 1912, when a big mail-boat was unloading at Naples, there was an accident about which extremely inaccurate reports appeared in the newspapers. I myself saw nothing of the affair, for (in common with many of the passengers), wishing to escape the noise and discomfort of coaling, I had gone to spend the evening ashore. As it happens, however, I am in a position to know what really occurred, and to explain the cause. So many years have now elapsed since the incidents about to be related, that there is no reason why I should not break the silence I have hitherto maintained.","978-6059919487
",https://m.media-amazon.com/images/I/31ZAjGuSKfL._SY445_SX342_.jpg,2021,74
8,2,14,3,1,Fear,"Fear is a 1925 novella by the Austrian writer Stefan Zweig. It was adapted into a 1928 silent film, Angst, directed by Hans Steinhoff, a 1936 film, La Peur, directed by Victor Tourjansky, and a 1954 film, Fear, directed by Roberto Rossellini. The protagonist, Irene Wagner, is a married, young bourgeois who has a secret affair with a pianist. Due to blackmails from the pianist’s girlfriend who is aware of the affair, Irene is seized with fear of losing her dolce vita.Nicholas Lezard of The Guardian reviewed the book in 2010: “This is the stuff of melodrama: the typical Zweigian scenario in which, beneath the trappings of respectability, storms of carnal passion, guilt, shame and rage. It is no accident, you feel, that Zweig was writing at the same time and in the same city as Sigmund Freud.”",978-6258141771,https://m.media-amazon.com/images/I/51v8KwY4wvL._SY466_.jpg,2023,72
8,6,14,2,1,Fantastic Night,"Zweig exquisitely skewers an almost lost culture of the Vienna between the wars. And he does so with the precision of a master short storyteller: concisely, intimately and dramatically. Immersed in his highly mannered world, you simply can’t resist the sharply observed characters and crises of Fantastic Night.",978-6258141788,https://m.media-amazon.com/images/I/51rl4xpj8yL._SY466_.jpg,2023,72
8,2,15,2,1,Letter From An Unknown Woman,"Written in 1920s, Stefan Zweig tells the story of a woman who is unrecognised and unrequited lover in Letter From Unknown Woman. This nameless young woman reached her unaware lover with this long letter by telling their memories from first day. As reader, while appreciating the patience of life long silence and hiding we don’t know this woman as her lover who read the letter never recognised her too. With Zweig’s literary talent this book has an unforgetable importance in our literature by emotion of being effaced that derived from never known; based on depth psychological side and human’s love feeling we can find out darker sides and obsessions of people via this short but impressive book. Every reader who knows Zweig’s success will admiringly read this book which is less known considering the other novels.",978-6057944689,https://m.media-amazon.com/images/I/61og25hEEDL._SY466_.jpg,2018,64
8,2,14,3,1,Twenty-Four Hours in the Life of a Woman,"""The less I felt in myself, the more strongly I was drawn to those places where the whirligig of life spins most rapidly."" So begins an extraordinary day in the life of Mrs C―recently bereaved and searching for excitement and meaning. Drawn to the bright lights of a casino, and the passion of a desperate stranger, she discovers a purpose once again but at what cost? In this vivid and moving tale of a compassionate woman, and her defining experience, Zweig explores the power of intense love, overwhelming loneliness and regret that can last for a lifetime.",978-6258141702,https://m.media-amazon.com/images/I/51mtvwlwqfL._SY466_.jpg,2023,72
8,6,16,2,1,Twilight and Moonbeam Alley,"Twilight is the story of a fashionable lady who is banished from Versailles by the king. She tries to make the best of living on her country estate, but although she entertains lovers and friends from Paris, she comes to find it intolerable. Life at court, for all its essential emptiness, was the only thing that gave her existence meaning, and she moves inexorably towards suicide. In Moonbeam Alley, a traveller delayed in a French port explores the sailors' quarter. Enticed by a voice singing an aria, to a bar near the harbour, he learns the story of those who run it and frequent it: a tale of violence, unrequited passion, and a marriage that is no true marriage.",978-1901285574,https://m.media-amazon.com/images/I/71gC3-ZExsL._SY466_.jpg,2005,96
9,2,17,2,1,Demian,"Demian is a coming-of-age story that follows a young boy's maturation as he grapples with good and evil, lightness and darkness, and forges alternatives to the ever-present corruption and suffering that he sees all around him. Crucial to this development are his relationships with a series of older mentors, of who the titular Demian is the most charismatic, otherworldly and ultimately influential. Many have noted the influence of Jungian psychology upon this novel and it is fascinating to see Herman Hesse's interests in the self, existence and free will play out through through the lens of early twentieth-century Europe; Christian imagery and themes are ever-present, as is the shadow of the First World War.",978-0241307434,https://m.media-amazon.com/images/I/41Aao7ougZL._SY445_SX342_.jpg,2017,144
10,2,18,10,1,Crime and Punishment,"Crime and Punishment follows the mental anguish and moral dilemmas of Rodion Raskolnikov, an impoverished ex-student in Saint Petersburg who plans to kill an unscrupulous pawnbroker, an old woman who stores money and valuable objects in her flat. He theorises that with the money he could liberate himself from poverty and go on to perform great deeds, and seeks to convince himself that certain crimes are justifiable if they are committed in order to remove obstacles to the higher goals of 'extraordinary' men. Once the deed is done, however, he finds himself wracked with confusion, paranoia, and disgust. His theoretical justifications lose all their power as he struggles with guilt and horror and is confronted with both internal and external consequences of his deed.",9786059681384,https://en.wikipedia.org/wiki/Crime_and_Punishment#/media/File:Crimeandpunishmentcover.png,2016,673
10,2,19,10,1,The Karamazov Brothers,"The Brothers Karamazov is a murder mystery, a courtroom drama, and an exploration of erotic rivalry in a series of triangular love affairs involving the “wicked and sentimental” Fyodor Pavlovich Karamazov and his three sons―the impulsive and sensual Dmitri; the coldly rational Ivan; and the healthy, red-cheeked young novice Alyosha. Through the gripping events of their story, Dostoevsky portrays the whole of Russian life, is social and spiritual striving, in what was both the golden age and a tragic turning point in Russian culture.",978-0374528379,https://m.media-amazon.com/images/I/71OZJsgZzQL._SL1500_.jpg,2002,1080
11,2,20,3,2,Anna Karenina,"""Anna Karenina"" is a classic novel by Lev Tolstoy that delves into the complexities of love, marriage, and society in 19th-century Russia. The story follows the tragic life of Anna Karenina, a woman trapped in a loveless marriage who finds passion and forbidden love with Count Vronsky. Tolstoy weaves a narrative that explores the consequences of societal norms, personal desires, and moral dilemmas, making it a timeless tale of human emotions and societal expectations.",9786053604099,https://www.iskultur.com.tr/webp/2011/10/annakarenina-1.jpg,2011,1072
11,7,20,2,2,İnsan Neyle Yaşar?,"""What Men Live By"" is a short story by Leo Tolstoy that explores fundamental human values through the experiences of a poor shoemaker, Simon. The story delves into themes of love, compassion, forgiveness, and the meaning of life. Through Simon's encounters with a mysterious angel and a convict, Tolstoy reflects on the essence of human existence and the virtues that define a meaningful life.       ",9786053607038,https://www.iskultur.com.tr/webp/2012/09/insanneyleyasar-2.jpg,2012,96
12,7,21,2,2,Palto," ""The Overcoat"" is about Akaky Akakievich Bashmachkin, a low-ranking clerk obsessed with buying a new overcoat. When he finally gets one, he becomes a target of ridicule. Thieves steal his coat, leading to his downfall and death. His ghost then seeks revenge. The story delves into social hierarchy and the dehumanizing effects of bureaucracy.",9786053542834,https://static.nadirkitap.com/fotograf/277418/27/Kitap_202205131713062774181.jpg,2014,64
12,7,18,11,1,The Nose,"""The Nose"" is a satirical short story by Nikolai Gogol. Written between 1835 and 1836, it tells of a St. Petersburg official whose nose leaves his face and develops a life of its own.",9786057889829,https://m.media-amazon.com/images/I/619GvjJL2bL._SY466_.jpg,2019,36
13,1,8,1,2,Bir Ömür Nasıl Yaşanır,"İlber Hoca bu kitapta, bir insanın, çocukluktan itibaren hayatın hemen her alanında ihtiyaç duyacağı çözümleri nasıl bulabileceğini örnekler vererek anlatıyor. “Herkes kendi talihinin mimarıdır” sözünü hatırlatarak, kendi yolunu çizmenin ne anlama geldiğini tüm kritik noktalarıyla yorumluyor",9789752430990,https://kronikkitap.com/wp-content/uploads/2019/10/ilber-biromurnasilyasnir.jpg,2019,288
14,2,22,3,2,Saatleri Ayarlama Enstitüsü,"""Saatleri Ayarlama Ensitüsü"" toplumumuzun bu değişme süreci içindeki durumunu, fertten yola çıkarak topluma varan bir teknikle anlatıyor.  Türk edebiyatının dönüm noktalarından biri olan Saatleri Ayarlama Enstitüsü kitabında Doğu ve Batı, gelecek ve geçmiş, modernizm ve gelenek gibi karşıt kavramlar sorgulanıyor. Bu ikilikler arasından bocalayan Hayri İrdal ve zaman kavramı üzerine geliştirdiği projeleri hayata geçirmeye çalışan Halit Ayarcı",9789759955762,https://m.media-amazon.com/images/I/61+v3q1RMEL._SY466_.jpg,2017,384
14,2,22,12,2,Huzur,"Eserde hastalık, ölüm, tabiat, kozmik unsurlar, medeniyet, sosyal meseleler, çeşitli ruh halleri ve estetik fikirler iç içe verilir. Ancak bütün bunların üzerinde romana hakim olan Mümtaz'la Nuran'ın aşklarıdır. İstanbul, bu aşkın yaşandığı çevre olmaktan çıkarak, adeta bir roman kahramanı gibi ele alınır.",9789759955748,https://cdn.kibo.com.tr/kibo/2/3/4/583743.png,2016,413
14,2,22,2,2,Sahnenin Dışındakiler,"Tanpınar'ın bu eseri 1920'li yılların, Millî Mücadele yıllarının romanıdır. Romanın kahramanlarından İhsan romanın bir yerinde ""Orada (Anadolu'da) mücadele var, muharebe var. Mukadderatımız orada halledilecek! Asıl sahne orası. Biz burada malesef sadece seyirciyiz. Sahnenin dışındayız"" demektedir. Roman adını ve konusunu ""sahnenin dışında"" olanların içlerinde ve etraflarında olup bitenlerle, zaman zaman geçmişe, maziye yönelerek değişimler, hasretler ihtiraslarla kazanmaktadır.",9789759955779,https://cdn.kitapsec.com/image/urun/2019/06/11/b1560253196.jpg,1990,343
15,2,23,3,2,Sinekli Bakkal,"Bu romanda Sinekli Bakkal mahallesinde yaşayan insanlar, aydınlar ve saray çevresi gibi 2`nci Abdülhamit döneminin farklı toplum kesimleri canlandırılır. Bu romanın yazıldığı yıllarda Türkiye bağımsız ve Batı yanlısı bir ülke olmayı tercih etmişti. Bir yandan da Tanzimattan beri süren Batı-Doğu çatışmasından kurtulamamıştı. Halide Edip, ""Sinekli Bakkal""da Doğu`nun değerlerini bulup çıkarmak, Batı`nın karşısına koymak amacındadır. Roman ""roman yanıyla zayıf olmakla"" eleştirildi.",9754471142,https://cdn.kitapsec.com/image/urun/2020/05/09/1589005350.jpg,1936,208
15,2,23,3,2,Ateşten Gömlek," ""Ateşten Gömlek,"" Türk Kurtuluş Savaşı dönemindeki bir kadının vatanseverlik ve fedakarlık üzerine yaşadığı hikayeyi anlatır. Zeynep adlı genç kadın, savaşın zorluklarıyla mücadele ederken içsel değerlerini sorgular ve vatanseverliğini kanıtlar.",9789750723322,https://cdn.kitapsec.com/image/urun/2022/09/14/1663164702.jpg,2016,253
15,2,23,3,2,Vurun Kahpeye,"Halide Edib Adıvar'ın toplumsal ve siyasi eleştiriler içeren önemli eserlerinden biridir. Roman, Osmanlı İmparatorluğu'nun son dönemlerindeki toplumsal ve siyasi sorunları ele alırken, kadın hakları ve toplumsal cinsiyet rolleri konularına da değinir.",978-9750721670,https://m.media-amazon.com/images/I/5183SoEeJxL._SL1500_.jpg,2017,187
15,2,23,13,2,Handan," ""Handan,"" Halide Edib Adıvar'ın 1912 yılında yazdığı önemli bir romandır. Roman, Tanzimat Dönemi'nde geçer ve dönemin toplumsal ve siyasi yapısını ele alır. ""Handan,"" dönemin Osmanlı toplumunun karmaşıklığını ve değişen değerlerini gözler önüne sererken, aynı zamanda kadının toplumdaki yerini ve özgürlük mücadelesini de işler.",9789750723537,https://cdn.kitapsec.com/image/urun/2016/11/24/Resim_1479975820.jpg,2016,245
16,7,20,14,2,Martı,"""The Seagull"" is a play written by Anton Chekhov that delves into the lives and relationships of several characters on a Russian country estate. It explores themes of unrequited love, artistic ambition, and the search for meaning in life. The play centers around Konstantin's unrequited love for Nina, highlighting the complexities of human emotions and relationships amidst personal and professional challenges.       ",9786053321262,https://cdn03.ciceksepeti.com/cicek/kcm60129227-1/XL/marti-modern-klasikler-dizisi-kcm60129227-1-dacecf468edd4996a656b19d23c25afa.jpg,2019,94
17,6,24,15,1,The Metamorphosis,"One morning, when Gregor Samsa woke from troubled dreams, he found himself transformed in his bed into a horrible vermin. Thus begins The Metamorphosis, cited as one of the seminal works of fiction of the twentieth century. A story of Gregor Samsa, a travelling salesman, who wakes up one day to discover that he has metamorphosed into a bug, The Metamorphosis is a book that concerns itself with the themes of alienation, disillusionment, and existentialism.",9788172345136,https://pictures.abebooks.com/isbn/9788172345136-us.jpg,2014,70
17,2,18,16,1,The Castle,"The Castle by Franz Kafka is a novel that follows the protagonist, K., as he arrives in a village dominated by a mysterious castle. K. seeks to gain access to the castle and understand his purpose there but encounters bureaucratic obstacles and misunderstandings at every turn.",9781840221824,https://m.media-amazon.com/images/I/71VoszsTBcL._SY466_.jpg,2009,283
18,2,25,17,1,Madam Bovary," ""Madame Bovary"" by Gustave Flaubert is a novel that tells the story of Emma Bovary, a young woman who marries Charles Bovary, a country doctor. Disillusioned with her provincial life and seeking excitement and romance, Emma engages in extramarital affairs and accumulates debts to maintain her lavish lifestyle. As her affairs and financial troubles escalate, Emma's life spirals out of control, leading to tragic consequences. The novel explores themes of romanticism, dissatisfaction, and the consequences of living a life detached from reality.",9789750513435,https://www.yokyerkitapkulubu.com/wp-content/uploads/2021/09/Madam-Bovary-1536x768.jpg,2023,431
19,2,26,10,2,Dokuzuncu Hariciye Koğuşu,"Romanın genç kahramanı, ayağındaki rahatsızlıktan kurtulabilmek için sayısız doktora görünür ve en nihayetinde havadar bir ortamda, stresten uzak bir istirahat dönemi geçirmesi gerektiğine ikna edilir. Ancak, gerek akrabaları olan bir Paşa'nın Erenköyü'ndeki köşkünde misafir kaldığı dönemde, gerekse kendi evi ve hastaneye gidiş gelişlerinde şuurunu adeta bir facia atmosferinde yoğurur. Peyami Safa'nın çocukluk ve gençlik dönemlerinden fazlasıyla izler taşıyan roman, hem umudu ve umutsuzluğu, hem de sevinci ve felaketi aynı sayfalara sığdırabilmiş olması bakımından insanın eşsiz bir tarifini sunuyor.",9786254085086,https://cdn.kitapsec.com/image/urun/2023/04/17/1681739501.jpg,2016,112
19,2,26,2,2,Fatih Harbiye," Peyami Safa'nın ""Fatih Harbiye"" adlı romanı, İstanbul'un Fatih semtinde geçen bir aşk hikayesini anlatır. Romanın merkezinde, zengin ve güzel bir kız olan Neriman ile fakir bir aileye mensup olan genç bir adam olan Kamuran'ın ilişkisi yer alır. Kamuran, Neriman'a aşık olur ve onunla evlenmeye karar verir. Ancak sosyal sınıf farkları, aile baskısı ve toplumsal normlar arasında yaşadıkları zorluklar, ilişkilerini karmaşık hale getirir. Roman, aşkın, tutkunun ve toplumsal beklentilerin çatışmasını etkileyici bir şekilde işler.",9786254085079,https://cdn03.ciceksepeti.com/cicek/kcm91692386-1/XL/fatih-harbiye-yeni-kapak-kcm91692386-1-f698f198537d4b70a83214d61daa7bf0.jpg,2022,128
20,6,17,18,1,Of Mice and Men,"Drifters in search of work, George and his childlike friend Lennie, have nothing in the world except the clothes on their back - and a dream that one day they will have some land of their own. Eventually they find work on a ranch in California's Salinas Valley, but their hopes are dashed as Lennie - struggling against extreme cruelty, misunderstanding and feelings of jealousy - becomes a victim of his own strength.",9780141023571,https://cdn.kitapsec.com/image/urun/2020/05/25/1590422386.jpg,2007,144
20,2,17,3,1,The Grapes of Wrath ,"""The Grapes of Wrath"" by John Steinbeck is a powerful novel that follows the Joad family's journey during the Great Depression. Dispossessed of their Oklahoma farm, they travel to California in search of work and a better life. The story delves into the harsh realities faced by migrant workers, including exploitation, poverty, and discrimination.",9780141394886,https://m.media-amazon.com/images/I/61HReoACBUL._SY342_.jpg,2014,528
20,2,17,2,1,East of Eden,"""East of Eden"" by John Steinbeck is an epic novel that reimagines the biblical story of Cain and Abel in a modern setting. The novel unfolds in California's Salinas Valley and spans generations of two families, the Trasks and the Hamiltons. Central to the story is the tumultuous relationship between brothers Charles and Adam Trask, mirroring the biblical conflict between Cain and Abel.",9780140186390,https://en.wikipedia.org/wiki/File:East_of_Eden_(1952_1st_ed_dust_jacket).jpg,1992,640
21,2,27,9,1,The Da Vinci Code,"""The Da Vinci Code"" by Dan Brown is a gripping thriller following symbologist Robert Langdon and cryptologist Sophie Neveu as they decipher clues related to a murder at the Louvre Museum. Their investigation unveils ancient mysteries, secret societies, and shocking revelations about Christianity's history, the Knights Templar, and the Holy Grail. Filled with twists and suspense, the novel blends art, history, and hidden knowledge into a captivating and thrilling narrative.",9780307474278,https://pictures.abebooks.com/isbn/9780307474278-us.jpg,2009,597
22,2,28,10,2,Kürk Mantolu Madonna,"Psikolojik bir anlatı olarak da ifade edebileceğimiz roman aslında üç ana tema etrafında şekilleniyor: Aşk, yalnızlık ve yabancılaşma. Kürk Mantolu Madonna, daha çok bir aşk hikayesi olarak görünse de romanda aslında bir insanın yalnızlaşma sürecine ve giderek topluma yabancılaşmasına şahit oluyoruz. ",9789753638029,"https://static.ticimax.cloud/cdn-cgi/image/width=700,quality=85/4026/uploads/urunresimleri/buyuk/kurk-mantolu-madonna---sabahattin-ali-751e.jpg",1998,160
22,2,28,3,2,İçimizdeki Şeytan,"Bu romanında, toplumsal gündemin kişilikler üzerindeki baskısını ve güçsüz insanın ""kapana kısılmışlığını"" gösteriyor Sabahattin Ali. Aydın geçinenlerin karanlığına, ""insanın içindeki şeytan""a keskin bir bakış.",9789753638037,https://images.ykykultur.com.tr/upload/image/1093414c-fe62-45c1-a57e-5a6cee3d4a64.jpg,2023,256
22,2,29,2,2,Kuyucaklı Yusuf,Evlatlık olarak alındığı ailesi ile Edremit’te büyüyen Yusuf’un ailesini kasabanın kötü niyetli insanlarından korumak için verdiği mücadeleyi konu alır.,9786052006764,https://www.ithakiyayingrubu.com/dosyalar/2022/02/9786052006764_Kuyucakli-Yusuf-500x779.jpg,2019,232
22,2,28,2,2,Değirmen,Kitabın ismi aynı ada sahip öyküden gelmektedir. 3 kısımdan oluşan kitapta toplamda 16 adet öykü bulunmaktadır. Yazarın 1927 ile 1934 yılları arasındaki hikâyelerini içerir. Ayrıca kitap ön sözünde Sabahattin Ali’nin kendisine yönelik eleştirel düşünceleri yer alır.,9789750806605,https://cdn.kitapsec.com/image/urun/2020/04/15/1586959281.jpg,2017,140
23,8,30,7,2,Inanan Beyin,"İnançlar nasıl doğar, şekillenir, pekiştirilir, ayakta kalır, değiştirilir ve yok edilir? Bu çalışma psikolog, bilim tarihçisi ve dünyanın en ünlü şüphecilerinden biri olan Michael Shermer'in otuz yıllık birikiminin ürünüdür. Shermer'a göre beyin bir inanç motorudur. Önce inançlar gelir, sonra açıklamalar. Duyu verilerinden gelen bilgiyi işleyen beyin doğal olarak önce bir kalıp arar, daha sonra bu kalıba göre anlam bulur. İşte beynimizin noktaları birleştirerek yarattığı bu kalıplar inançlardır, inançlar bir kere oluşunca, bunları sağlamlaştırmak için kanıt aramaya başlanır. Shermer bu sürecin nasıl işlediğini göstermek için siyasetten ekonomiye, dinlerden komplo teorilerine ve doğaüstü olaylara kadar gerçek yaşamdan sayısız örnekler veriyor. En sonunda da inançlarımızın gerçeklerle bağdaşıp bağdaşmadığına karar vermek için en iyi aracın bilim olduğunu gözler önüne seriyor.",978-6051063850,"https://m.media-amazon.com/images/I/51yCcEG4s-L._AC_UF1000,1000_QL80_.jpg",2011,436
23,1,31,7,2,Ahlakın Yayı,"Ahlakın Yayı'nda Michael Shermer okurlarına şu soruyu soruyor: '' İnsanlık tarihinde son birkaç yüzyılda yaşanan büyük ahlaki ilerlemeyi neye borçluyuz?'' Shermer'in cevabı oldukça net: akıl ve bilim. Shermer antik zamanlardan bugüne doğru uzanan bir süreçte ahlaki sorumluluklarımızın ailemizden mensubu olduğumuz gruplara, oradan da tüm insanlar ve hatta tüm canlıları kapsayan bir ahlaki küreye doğru nasıl genişlediğini detaylıca açıklıyor. Savaşlardan teröre, dini anlatılardan köleliğe, kadın ve eşcinsel haklarına dair birçok konuda akıl ve bilimin bize gerçek ahlak duygusunun anahtarını nasıl verdiğini çarpıcı örneklerle gözler önüne seriyor. Bununla da kalmayıp insanlığın ahlaki geleceğine dair temkinli fakat umut dolu tahminlerde bulunuyor. Ahlaki duyguların tarih boyunca yaşadığı ilerlemeye dair bu heyecanlı ve aydınlatıcı araştırmayı bütün okurlarımıza öneriyoruz.",978-6057789006,https://m.media-amazon.com/images/I/61CRXA-hk6L._SL1000_.jpg,2019,536
23,8,32,7,1,Why People Believe Weird Things,"IN THIS AGE OF SUPPOSED SCIENTIFIC ENLIGHTENMENT, many people still believe in mind reading, past-life regression theory, New Age hokum, and alien abduction. A no-holds-barred assault on popular superstitions and prejudices, with more than 80,000 copies in print, Why People Believe Weird Things debunks these nonsensical claims and explores the very human reasons people find otherworldly phenomena, conspiracy theories, and cults so appealing. In an entirely new chapter, “Why Smart People Believe in Weird Things,” Michael Shermer takes on science luminaries like physicist Frank Tippler and others, who hide their spiritual beliefs behind the trappings of science.",978-0965594875,https://m.media-amazon.com/images/I/21o1I3caiIL.jpg,1997,306
